left,top,width,height,conf,text,page
1256.73,233.0,127.6,32.2,69.4,N _ ífaeebook.eom/ (©tmmepe E e” MARTES 15 DE OCTUBRE DEL 2020 'g'í70; ) f.r'©,1
1083.29,1861.14,345.0,101.57,47.86,o]U_ñííí WHEW QU u% P?'ÍLMÍY4.…&3 FRENTE e,1
1202.6,1982.3,122.9,63.3,52.1,"_U…J |LJA _l_/l_ 1 H MLBOU…W* P¡ ,IJÍ¿VÓ… en gO",1
1138.0,2214.0,81.84,38.63,60.0,Sls W.N. [M]l% VICTORIA Y MUNTZ DICE QUE LO. y / ¡LO CRITICA POR A y 31 U a,1
554.6,335.2,259.0,41.4,51.4,"nadolanual(de.esteltlpo, (quelse]reahza(en$andford inglaterra Jalpesanquella lnemperatura(estaba(enol?/",10
690.27,529.73,127.2,46.4,49.6,[grados[(£fels¡us' IEsf_atcostujmbre¡marca un Of _Úg¿_x¡j::_.g_'y__x ©¡1'N5UA>WE…X radatienadoyantes: G© || j o e Cientos a hastalNaw',10
561.4,698.0,257.2,37.0,52.4,tiempo que ssera'[aprovechado)paralsu limpieza.. IL'os(canes(d|sfrutaban(con| ssusfamosxyylosfas¡stentes&,10
182.75,708.75,183.75,64.75,54.25,(de;|perms ee G> Un0sz00|perros¡y/,10
925.8,803.8,51.2,32.2,50.2,o o 15| lliuío|nf J(:nu[dk,10
719.0,1217.5,105.5,45.0,52.75,TIRADO MIPERÚ] U…&['LEM¿ —,10
756.52,1676.31,186.97,37.97,55.14,"! = — m_poderosorefuerzo lahmchadalsequedaencasa. (cado;sallimón;crematero— de puro sab on tend m (laterales) M hoy laprevialdelPe— licia s inspirada sen nuestra icremaiblan; — )mntescglién'tan“z£con'tienda. lBanunto(_th0n' Tastcentro) conofertasparaconsumoen, — xy;laíu¡dela salón paradelivery;porque — ¡minasdepes— tunión: O a Ibra:Depapaamarillate— Alenadépulpadecan—",10
1826.25,808.25,164.75,45.0,73.0,C> Unítlgre(devorado de: hombresxeausa]pamco,10
1700.44,1669.31,275.56,33.94,51.88,"grejo/huevo;paltaymayone— e triscosalomacho;arrozypa— ¡padorada. (0Pulpo:£laparrllla(&*allese iSustentáculosanticuchados lnode1mpasar.mellhmnbre. Waconpapaamarilladorada, wer duras y choc lo GParihuelaAdvincula:: ”Tanipotentequefeponera; syoiDechitacangrejo;con— el negl'astnchasda ese ese",10
2238.88,480.82,135.41,38.18,46.76,"el e matadola(ocho)perso* |nas;,(de]oítreslhendos¡y,(es& ii ei eo oe tuntrombrerde: 770!anos (euando) recogía (expertoxsenalo* (que.el¡gran(gato e e ¡sus¡pensegu¡doresupues&",10
2231.33,787.33,144.33,38.17,59.17,"(de]an (come.isololde noche) ?y¡(usatsus!mstmtosxde, formal ei",10
2199.71,1263.52,138.67,40.76,50.29,"l BRINDAR: [taibarra £se1queda!atra55yjht+ £soní5alazan, bartender o ol L.)4u(cumnmr |naran|ailm|stela|]]arabe) 'de¡goma Jliménfnicloy gu alto nlc a Te . ¿Jarabe) 'deggoma,,gotasfdell¡mon' Inielogingertale.. SKALA¡12' zz u mgal de l",10
2239.86,1770.29,162.86,46.0,57.57,"(a|bahaca,]hlelo¡y HPASIONIPERUA'defresa,,¡arabe'de) gotastde, Ilmon&hlelo la (gertale.",10
729.75,1938.75,232.0,39.0,53.0,allomachoypulpoallajparillaGalese hambre: e o,10
234.75,2028.0,111.5,30.0,49.25,£I5<:¿9:U N D&¿'¿TJ BIÓOIDADEBENSAO,10
1546.06,2404.71,144.76,38.35,59.0,"C> Se¡paso* (Mañíalisa— 'duena(de…unalbode— (qa; fue(detemda]por. &vender(ch¡z¡tos(com a fue:descubleña1lnf?raganú(enl ¡suítlenda(de Iatcalle(0rt¡ga9 (Con k s_:1quel"" ea hace515*d|as&' ndellas)",10
1472.25,2587.0,112.0,43.0,65.5,con'el[estupef &vend¡a!aí1 0¡sole C,10
2072.64,2166.36,162.0,40.29,45.43,= ea e. — . (y ese ) E C> Unalbanda(de¡del¡ncuen— tesicaptola[unakwuda(de(6& (anos¡y/la(estafoítras(convencerla 'de¡depos¡tarí1ñlmll€10[solesiparal,10
2025.0,2405.2,143.2,34.0,44.4,"rlumseguroxdexv¡da'de¡120, Tu ee IMana1ngesg(com ll",10
2031.9,2496.1,118.6,30.6,58.4,"| o nn |mo¡dellto' Í""ue(g rabada]por 'eamarasfdellbanc01cuan' Fue, .eapturadatayer(enl&uente) E",10
1795.13,1295.07,173.67,35.09,54.85,"brasil la Ios*peruanos . paromterremotosítampoco ea a l 3ymenos*nos*hundleronvanos a : |mos*hombres'deretosm¡sandode— ss advers¡dadesw (e| futbolínoes'|aexcepc¡0n (Bbrasil, tue c0noces'|agarracharruay,guara— per0n00|v¡des'queen&5udame— s H0ytenemos<unac¡ta c0n*lalrevan— ds ie equipo quenostdej&sin (Copa'Amenca 2019AllasTdelano— ,3,m¡|l0nes'deperuanosuuga— tren (anteel]poderoso Bbrasilkentelles= tad¡o'Nac|0na|Ip0nla1fechaf2(de1las, Eliminatorias. 1 mástalesiselec— (c¡0nados.(qu¡soel(de5tmoqueel (o |r0nav¡rus'golpearaa|[grup0 Encima; (Chr|stlan'Cuevaqueddfuerajponun (desgarro lPeroaunnos*quedansol— (dad05'd¡spuestos'aquemanhastael lultlmoeartuchoi]efferson1Farfanpo— oe estafen <per0t¡eneell (c0razoncompleto a 10 ||st0parafrenarra F|rm|no,yuNey— |mar3Y03h¡marñ(otund|spuesto'a |mostrarquesu1tecn¡ca puede estara lapardeGaseniirodel ReallMadridy |nuestr0'Andre'&arnlloasoma canell |pand0 Nexerá'sencillbdEl ta'849¡m||I0nes*deeuros)[la fapenas65f6ml|I0nes![puest052] PergentaHistoriaexisteuna€ epoca Md entre1[)av¡dy.Gol¡atm|as RicardoGareca' qu¡ereganar1epor e e e ie e ee (c0|gga1Tte s (en 20194El Tigrétesexpertoentom— |permalas<rachasy:ba¡esu (ganamosten (Du¡t0y/Asunc¡on Copa Mundo: Perúnosolosonilljugadores;tam— pres¡0nar(marcagiasñx¡ary 10 (cuerdalBbrasil estásennuestrate casa |á'eas*a's'e'respeta",11
2206.15,669.23,113.62,76.92,47.31,") tundun E ( S ©QA?—I©Y(&©' a Ar YxE©; ol l a, '%¿%DPJA/A1M",11
2252.67,1551.38,74.24,34.0,41.57,e 5 e ee o ] t e t (Cotito (EGorzales es a ( [Fúmino: — o o u ….&¡.n DIO,11
2264.8,1953.2,143.4,51.8,55.0,Fl|mlnatonandesde72016 el 0I…%fen 3 ras¡l,11
2232.86,2059.57,144.57,70.29,49.86,ncos x ga tl ogsblgtlm%%sr?? ] L?asff;sml% J(I¡]Ig TITE(cumphralhta“5ú),11
2227.6,2212.0,81.8,42.2,41.0,l osa mando della Tsp e,11
1612.57,2296.14,161.14,39.43,71.57,"El equipo lo: tengq,lloxsaben losfiugadores;, pero noxqu¡eroxdañmumaonfa(Gareca,(es",11
457.13,1512.33,69.38,23.98,88.85,"DEL SAQUE somos carnecita... LA LÓGICA no es dueña de la verdad. Tampoco las frías estadísticas. De los números que se encarguen las matemáti— cas, calculadoras y bancos. A mí no me vengan con favoritos, 'cucos' ni ”monstruos”, carajo. El conchu— do, ”cara de palo' y jugador con personalidad elige estos partidos para demostrar su calidad, su level, jerarquía. Es rico y un placer tener al frente a los mejores del mundo. Eres TU O YO. El Perú_Brasil comienza a las 7 de la noche y solo vale el resultado final. ¿El cómo? No me disgusta que para conseguir un punto o tres sea un partido aburrido, trabado, incómodo, sucio, al límite. Solo pido que el pasto del estadio Nacional termine amarillo. No hay que resignar nada y la franja debe acabar despachada de tanto sudor. Sí, señores... HAY QUE GUA— PEAR como en la final de la Copa América 2019. Aquella tarde estuve en el y me agarré pico a pico con varios torcedores' cuando meti— mos el 1—1. Estaba con una 'batería brava' del Callao Y nos acordamos mal. Felizmente nos separaron. bamos a cobrar parejo, pero no porque seamos mancos, sino porque era un cuarto de tribuna que se nos venía encima. Me sentí orgulloso de ver a mis jugadores plantados ante un estadio lleno de polos auriverdes. Fue un 3—1 mentiroso porque en el minuto final nos cobraron un penal inexisten— te. Lo tomo como referencia porque es el último choque oficial. Los millones de euros, Champions, Europeas League y Mundiales no cantan el himno ni corren en la cancha ni patean la pelota. Cada Eli— minatorial es una historia distinta. Rexuxa... CÓMO QUISIERA que el Mambrino me preste solo por dos minutos su camiseta número 5, su short, sus medias y impunes 45. Daría la viída. Todo lo que tengo por dejarle el codigo a Keymar y decir— le: partidor, mal amigo, por reventarlo con balón y meterle un corcho a Coutinho, por barrerlo con un carretilla al chistoso de Everton, por ir a la dividida con el ajustador de Casero y chocar en un con el ”choción”' de Hago Silva. Raza, garra, tem— pegamento y carácter es básico esta noche. En el buen sentido de la palabra, con inteligencia. Curu— ju... MUCHO OJITO con el con el que le quitó la novia a Maluma. Además de goleador es muy buen asistidor. Es un en espacio reducido y a velocidad. Hay que esperarlo escalonadamen— te para que cuando pase se tropiece con la cara del cantante colombiano. Le fastidia que lo rocen, se araña. Atentos a las diagonales de 'Cou' por— que le pega con precisión con los dos pies. Firmin es cazador, oportunista, pero salta como cangu— ro. Los marcadores Danilo y Lodi llegan a la línea. Hay que taponearlos. El de la Juventud es más flo— pito en la marca. No seamos sanos con Marquinhos que tiene buen juego aéreo en ataque y defensa. Sin querer queriendo te Douglas Luz es un mixto con salida, pero no como Arthur. Recupera, toca y te aplica la ley. Solo tiene dos presentacio— nes con el Scratch. El arquero Everton nunca ha salido del Brasileírao. O sea taco 5. Vamos, Perú en",12
513.2,2543.2,63.9,23.4,89.1,MODO PERRO. Todo es posible de la mano de Dios...,12
236.25,2578.75,53.5,25.75,90.5,"Me voy, soy fuga.",12
1197.5,158.5,90.17,23.5,91.33,MARTES 13 DE OCTUBRE DEL 2020,12
1479.77,739.23,136.23,42.69,89.23,SELECCIÓN RECONOCIÓ CANCHA DONDE JUGARÁ CON EN UN AMBIENTE DISTENDIDO Y QUEDO LISTA,12
1108.5,804.0,88.5,38.0,89.25,PARA DUELO DE HOY,12
1190.29,1017.09,73.93,26.84,82.09,"otros inquietos, sonrientes y mo— tivados. Así llegaron los jugadores reconocerle Estadio Nacional y practicar los últimos detalles para el choque de hoy.Jefferson fue el 'show — man' junto a LuisAdvíncula, quienes conta— guiaron con sus bromas a los demás compa— ñeros. El Rayo' respiró aliviado, tras compro— barse que no estaba contagiado de Covid—19",12
1750.22,992.06,77.18,26.02,83.88,"y solo presentaba anticuerpos. Se paró el once que arrancaría ante Brasil con'Canchita' Gonzales en lugar del lesio— nado Christian Cueva, que también partici— tú tocando suavemente el balón. Hoy, porla mañana, Ricardo Areca tiene pensadotra— bajaron la Viena y ya podrá contarconAlI— dairRodríguez, que sería una de sus prime—",12
1908.68,1813.0,91.84,31.05,90.0,"JEFFERSON FARFÁN, Luis Advíncula, André Carrillo y Aldo Corzo superaron anteriormente el coro CHRISTOFER GONZALES cumplió ayer 28 años.",12
2558.67,2221.0,47.52,27.05,76.24,"d a FUERA Fue © E (e me que a las pri tenido c se modi 19 Ruidíaz, Ramos : caución",12
89.2,1908.4,106.4,22.8,90.4,Y VALERA QUEDARON DEL PARTIDO,13
214.13,2326.08,65.16,24.1,88.34,"un día agitado, donde las pulsaciones entraron y no solo por la cercanía del n Brasil. Desde muy temprano se infor— seis seleccionados habían dado positivo esas rápidas a Covid—19. Luego, dos de on dados de alta debido a que habían coronavirus semanas antes en sus clu— entrenamiento programado en la mañana picó para la tarde, mientras se espera— de las pruesas moleculares. El ico oficial demoró y se decidió que Raúl Altair Rodríguez, Alex Valera y Christian e queden en la concentración por pre— Por la noche, cuando el volvió de namientos, se confirmó que solo Ruidito resultaron positivos y quedaron fuera del o",13
1326.17,160.5,95.17,23.5,91.0,MARTES 13 DE OCTUBRE DEL 2020,13
1584.85,607.54,121.46,40.23,84.62,ARGENTINA BUSCARÁ SALIR Airoso ANTE BOLIVIA A CASI 4 MIL METROS DE ALTURA,13
1581.98,1011.61,110.07,30.82,70.32,"aPaz.—Pásenieelbalón a Lionel Messi. El decury el de oxígeno. A3,640metros dealtitud, la'Pulga'y compañía desean tocar el cielo frente a Bolivia (3p.m/Movistarca— hal 3)y el r osari no sea lista para marcar por primera vez enel'HemandoSiles”. Pese a quellegócon días deanticipación, la 'albiceleste siente los estrago s de la altura.ElvolanteAlejandro 'Papu' Gómez qui— so hacer de las suyas y se puso a cantarina canción. Tuvo que ponerse oxi geno en la primeraestrofa. Lomismohizosucom— pajero Lucas Ocampo.”Seestánmuriendo”, bromeódelcentral Nicolás Otamendi, quiengrabó laescena. Enlapráctica, el comandotécnico argentinolanzóunafrase: ”Aquí la pelota vuela, es una locura”. Porello,buscaránlasfaltas cerca al área para la gran pegada de Messi, quepracticótiros Ii— bres hastaelcansancio. Será laterceravezde'Leo en capital",13
2248.32,1068.52,73.61,33.1,86.29,"DE 38 enfrentamientos contra Bolivia, Argentina ganó 26, empató cinco y perdió siete. VOLANTE argentino Lean— dio Paredes recibió la noticia del fallecimiento de su abuela en la concentración. — ii",13
1465.9,1330.55,81.6,33.45,88.2,"La dificultad es máxima. De local, Bolivia es de las mejores del mundo. Pierde poquísimo” Lionel Scaloni, DT de Argentina",13
760.88,1920.25,90.25,22.75,85.0,TABARET VA POR SU TRIUNFO 100 CON URUGUAY,13
767.81,2366.81,62.1,25.13,86.87,"…— Las canas se respetan. Uruguay puede darle hoy (4 p.m/ Molestar canal 14) el mejor regalo a su entrenador Óscar Washington Tabaret cuando se midan ante Ecuador. El tro' está a un triunfo de llegar a los 100 dirigiendo a la que dirige hace 14 años. Con 73 años, el entrenador dirige su quinta Eliminatoria (cuarta con— secutiva) y a pesar de las dudas iniciales, alinear a Luis Suarez desde el arranque. El Tricolor Ecuador, que viene de perder en Buenos Aires, lleva dos triunfos en fila como local ante los uruguayos. [<)]",13
1382.43,1436.57,89.43,22.0,90.29,LLEGA COMO FAVORITO EN CASA DE CHILE,13
1402.73,1933.84,66.9,25.03,87.31,"Santiago.— Traen estadística, goles y cafecito en la maleta. El fútbol contun— dente de Colombia se plantará en el Estadio Nacional ante Chile y su guardia' [7:30 p.m./Movistar canal 14). En la capital mapocha, los 'cafeteros' vencieron 3—1 en 2012 y empa— ataron 1—1 en 2015. Además, el buen momento de su goleador Diván Zapata y los destaca— dos James Rodríguez y Juan Cuadrado los pone como favoritos. En la se esperanza en los experimentados Arturo Vidal (33 años), Alexis Sánchez (31), Charles Arangúiz (31) y Eduardo Vargas (30).",13
1625.13,2265.2,86.07,28.07,84.4,"oPA$% GD Maturín.— Aprendió la lección. A RECUPERAR Luego de perder puntos con Perú, UNTO",13
1721.3,2462.75,63.98,24.68,86.4,"hará tres cambios en su cena para jugar hoy (5 p.m./Movistar canal 15) en casa de Venezuela. El delantero Angel Romero, autor del doblete ante la ”bicolor”, irá desde el vamos junto a Fabian Balbuena en la zaga y Richard Sánchez en la volante. En la reaparecerá el mediocampista Jefferson Roe es el",13
1703.0,2308.0,76.67,25.67,87.5,"el técnico de Paraguay, Eduardo Berizzo,",13
393.0,790.8,112.4,89.6,56.2,m w N V/( ],15
458.5,1130.67,136.58,30.0,72.5,"1Profesor'Careca' (Miguel Moreno) asegu.— saque pelea las dos bajas en selección porque se contagia ron conelcoronavirus,",15
318.74,1525.2,125.24,28.54,72.78,"hoy le ganamos a Brasil. Profe, ya probó amarán en Paraguay, ¿hará queenie desde el arranque para bailar sam— ba? Jefferson lo hemos probado esquela asíqueestamosencondiciones de asegurarse participación. Lehemosdi— choque jue gue suelto yqueeviteelcho— que, porque para el 'choquey fuga'está la Shirley. Queremos quedate de peso, porque parece'Choca” El público pique Advínculaanote, paraquehaga'el bailed la coja”. Advínculaestá un pocotriste, porque nadiequieredormirconélenlacon— centración. Temen quedarlesiona— dos, pero confi amos quemoy hará un gol y celebreconesacanción que labailamosenlaconcentración. ¿Cuál serálatáctica contra Ney— mar? Hablarlecomocolombianosenel campo levantamos de",15
295.64,2434.5,56.98,23.52,83.93,"|N|[ N o €» Ethel Pozo E tomó unas vacaciones con sus hijas y su mamá Gise— la Valcárcel para descansar en Máncora. ”Estoy en el norte, me vine con mi familia porque las niñas están de vacaciones. Estoy con mi familia en una",15
1039.29,2269.73,59.07,24.95,87.27,"casa, no hay nadie en la pla— ya por el coronavirus y no se pueden hacer excursiones, no se puede salir, está totalmen— te prohibido, así que de lejitos, desde aquí, desde la terraza, estamos mirando todo, pero queríamos disfrutar el solcito”, dijo la conductora de 'Améri— ca Hoy”. Luego, contó que siempre para a 'dieta' cuando se refi— rieron a lo bien que se le veía a a Máscara Con e descansar un poco",15
1647.24,1472.24,142.5,28.44,70.3,"Malum para quese desconcentre, también le he— mos pedido Ivana que lo timbre antes del parti— doparaqueloinquiete. ¿Quéva pasar ahora con los seleccionados conCo— vid? Líneas generales yasospechábamosesto por— que algunos jugadores habían perdido gusto, el gusto por lasesposas, pernos preocup e porque las pruebas lamentamos mandando laboratorio Swing' que ”arregla'todo paraquepodamosju— garyeste30puedancelebrarelter— c eran ivers ario de 'Losexitosos del humor, víazoom. QUE LAPAPAHUAYRO” Asuvez,labrasileña BrendaCarvalho aseguró querella y Julinhosesienten ”másperuanos quela papa huayro' y espera que hoy Perle gana Brasil. ”Nuestrocorazónescienporcien— toperuano, tenemosraícesbrasile— ñas, pero la pasión es por el Perú.Ob— viamentegritarémás un gol perua— no,defenderemos muerte Perú, esnuestratierra, nuestro hogar”,.di— jolagarota. agrega ndo que su score esunempatede1—1.(C.Ch./D.B) G",15
1911.43,2149.51,62.28,26.74,80.44,"iy q 1 0 .Jí'/ (o | Susy Díaz y Desi Abajo C ':'j U ""1 nL la ll…f €) se llevaron un susto cuan— do les dio soroche en Huanaco y pensaron que se habían conta— grado de coronavirus. ”Estamos en Huanaco traba— jando, llegamos agonizando porque nos dio soroche. Dey— si estuvo mal, pensamos que teníamos el Covid”, dijo.",15
2230.17,305.83,30.67,29.83,43.33,ra pr a € ' £1,15
2236.07,979.53,63.4,25.19,85.66,"© Janet Barboza respaldó a Sheila Rojas tras ente— darse que piensa demandar a Fagaly Medina por la difusión de un informe sobre EE el el nl a ”Ninguna per— d ee que permitir que canciller su honor y hon— ra. Creo que Sheila se demoró demasiado en tomar cartas en el asunto para defender— se. Espero que se haga justicia por Sheila, tiene todo mi apo— yo y no solamente ella, sino todas las mujeres que son víc— timas del programa... Un espacio que difama, agrede y comercializa e las personas. No tiene límite, no lo cono— ce”, dijo la Fagaly dice que Sheilala está amedren— tando... La única que amedrenta es Fagaly. Sheila l",15
2293.95,1831.0,63.85,29.65,86.15,"de limpiar su imagen, le fre— su ó la carrera. demanda — (D. Bau— tista) Fagaly viajar a Huanaco donde",15
2349.25,2247.25,79.75,36.25,73.88,activan %dieta ”hacerlo hasta que te salga callo',15
2090.71,2376.57,76.29,23.14,84.86,¿Se han dado una escapada para conocer,15
2096.86,2443.0,61.0,25.57,91.43,"Susy: Todo es trabajo, nada de relajo.",15
1938.04,2530.58,65.08,28.23,79.19,", Deysi: Es un viaje de 'chamba ey ¿Quédietapractican? <QQÍÁY?/ ?/, ( La dieta de Huancayo, hacerlo hasta ie que te salga callo. (D. Bautista) o",15
658.38,853.39,136.43,41.18,60.59,"y que s el llevan %yí_¿)/ bien con novio con ” un _ qu¡en1uegan $UW lado o mental el o W y T Kate(0amdelats_enalo. ?Q;VNG… , &9que¡atnaviesa¡umlbuen .un—buen momento sentimental con m e (su con lKerv¡nWlald¡zan eal fgsltoy,(enarÁnorada , feliz muyítranquiila. d Qme(conocen 'como(soy¡[de tres en va dali por tese'lado((senti— (Canidela,(quien: (realizará.un el e que les piden la ee yl ur todavía no piensan en 'Zw¿', ll aumentar la familia porque ”aún falta para el matrimonio” (3 L'ajperiodistalLour— / arlafarazonacontóquesuinowioRa desáac¡nlhllolun¡pedldo faellFemandez¡hallogradocongenlar |publ|co¡alIPOder]ludlc¡al bastant b'ienconsustresihuos<qu¡e— Ie(qu¡te¿a¡sulhuo /X",16
702.12,1758.5,288.19,42.38,48.12,"lWam;aampam'adumfmgmdeíms=ñp$uof€áml'me¡sdllmm1um lHas¡doun¡procmparaques&conozcan&pomua ¡queralguien, hanoaceptadoáRafaelfesmasj shuos*fueron e ¡partlc1pe&y.estumemnemoc10nadoscuandoe]ise lleveis milhijo?,, ?Femanda)mqpldlolamanomlspequenoses— (o a (El 'fellcesmtrmnqu¡las¡]ueganoSupeanntende)on",16
476.5,1640.5,144.62,33.0,56.5,med|das(de¡protecc¡on (culaswfabsurdas miedoy(estoy en o lunalorden(de'alejamiento. terror,16
664.75,1932.25,170.25,43.67,50.92,"[[L'Gamarra) osmd¡;afael%los“llevaamontancap%afl)lo Rafaet,;arñggoo)pa m A3? M IbexiceniRafael'pero: aweces<seles<sale…t¡qpor— V se llev east y:plde BUB",16
876.25,2229.0,224.88,42.5,64.25,(> N|cola Porcellafaseguróquella [na¡valb¡eanuemumalbusco(estar '“Grac¡as'a Diesttenemostunalbonita lun]poqu¡tolmas juntes”;sostuyo.,16
448.43,2458.86,137.1,39.19,59.81,"A ea oy/alejadode lostescándalos;, :-J 3 ) COJI £ I_IC | lgc7Ale;]e.hlzo,sentancabezao No(creo.quemna]persona[me y Asegura D tienen' lhagaí*sentar(cabeza¿,tslmple— unabonita. 'está, |mente*eslun(con|unto(de*cosas",16
1522.47,1595.35,345.82,39.71,59.06,"Ma1te¡p¡d¡&&)la1mano¡y¡est&ellanoillo_¿aáí'quezse,p& (dman(cá'5¡iriemcuá|qdleñmdment&» cSl,'pero¡ponel¡moment | 0Namosíaesperar lunp0.'c0masponlasc1rcuns(ancnasq'lfadawa ífaltaparaelmat—nmomox &3ñuáñiio_átbñ¡dehíla F11elo,pnumeroque ron(despue9delaipe— (dldade,manolh)uerons¿Cuandollegala¡her— imanita?: Falba1la]pñh(e$a]p'onaldomplb.tfañéjeas.tlllbíFey¡… m%ndez¿…Tanazqn'a m ofsedescart»a,peroí0dotxlenesuimomen— t",16
1679.2,1929.5,341.9,40.0,56.5,"errq,¿he…iétoxqugáhqna a watd:¡p'as'eo'emsu]heli'á&ptem Fulmosallevand0natlvosa%hllaManadelí[hnun— íf0'adondellegamosconMvemssprotemasw.un grupodemedlcospara£ayudanañasfam1hares wulnerablestam05c0nceanenmsas _ ©",16
1672.89,2345.72,229.67,39.72,52.5,3yffam¡l¡a IDespues(de¿haber¡pasa— lunoapnonzallas(cosas(em suwida. Llamas busque lunt ese anda lo hablardetalquiien; ffueronterrores(que*comet|(como (eualquiier. personaswno(camb¡olnada paso]porque&s¡nolnolhub|e— lralllegadoza(dondel|legue&este¡ano (El || ¿Cómofueelreencuentrocontuhijo? ambsyiseínos'cayeron las: ee,16
2251.76,967.19,82.13,25.9,70.3,"o+g ] embalada para con— atarles las últimas'de. e a . 12 — [! y GRABENS la ROSÁNGELAIESPINOZA:debió controlarse un poquito decir que.no iba 'ajparticipar más en pues est mejor respirar sar antes' El BLOWireveló en 'Amor y fuego” que EHRIS. SOFER era lañalca— ese e, SOFER y el futbolis= ¡ta1]EFFERSONIFARFÁN. lEnitanto, JEICYIPEREZ se animó a contar que la 'guerreralitambién habríarestado en con— versaciones.con:CUEVA. GABRIE— LASERPA.negó ser la un vídeolíntimo que se difundiendo.por redes sociales y jamás se ha grabado con alguna pare—",16
2224.36,2215.0,89.64,27.23,71.47,"ja.. Uhmmm... EVELYN ORTIZ saludo¡por a|KARINAI]ORDÁle DIEGO:SEYFARTHipor su boda.lLa actriz.esta— ei a all ] ver a sus'colegas dán— dose el Porcierto, el vestido ICARINA, fue elegan— ite y sobrio. Aprendan... . JEANIDEZA al parecer se olvidó deSHKIRLEY e.y yl1055MERY 'I'0LEDO—1pues¡fue cap— atado bastante cariñoso con una chicaque.es muy parecida alla tom— bita”lEsteee... Somos' fuga porque mi amorci— ito ya estiren carcacha listo j para golearme.... Suuuadaveee,",16
265.0,302.17,169.67,54.5,59.67,ir eche dtwc:¡e? una lor que s ta Wom©©:m,17
353.4,855.6,169.2,92.4,56.8,"S OV, Qj'_'_”_ 35 ladrona",17
188.06,1326.06,392.0,39.31,53.94,"aagmpac1on&íl*as* lheclncemsdelalsa]saj€nstl— ¡náR0dngua!mmplosu c1oynegoserlalsegundaeabec¡— lllaerilamañalntemacmna]&osc¡ber— deR1mdedlcadaíac]onantanetas a ""(Gomovanadecmquesoylmmasbus— (eadas¡estoyenmlcasaynadjememno que.tengounav1úadelu10sé$0y.due.L ¡nadeunaomuestarnoganocomouna ballannanlc0m0&antantelUnacam¡& meta;unautolotienentodaslaschicasde. E famndula:ponque.yonopuedotener Gostuvo€nstmaxpamel",17
265.33,1628.17,166.5,38.67,62.33,"gramaiDia D Luego'asegumquen E ntrqgaála $jushlc1a,porqueláanus",17
1253.67,637.33,294.5,40.0,70.5,"na.¡Notengo nadaqueocultar. 'nosablaquesemeestabalms 1gandomomehaúllegadomnguna/Ademas,asegu óquenunealsacodl—",17
1398.43,843.57,166.29,29.71,69.57,"y y hij ""'Eleselpadredem¡ílu]oímu— (chasyec%lelhedado)mlstar— _¡etas'el dado las l suyas",17
1404.93,1328.0,218.71,39.46,51.86,"lEst0y¿ spuesta*adanmnma— ¡n1festac¡on(Que.tienequa .saquemos'dmemf (cuentasenel banco,hesaca— (d0dmem;mloyconsustar— $jetasdeellmtlmdlnero.jm— a SELGAROTO” iSegúin'lajpolicia, a*elpadre: (desu hijo, a a ea noto,, *desde¿el¿0i8' llegamnfa&retlmnmas'de& ¡mlllon5600mllsolsy250 ¡m1|ltdolares'de¡tar]etas'de (créñlt0yd&debitoclonadas* (deArgentmayot—mspa&ses Mlafunc¡onde,lacantante: JaacusacióniGri ea tfalcaba!lastanetasjuntoaífa—",17
798.82,1823.0,198.29,42.88,50.12,"midasietedias:Nomerezcoesto: mlllarayendoalasea— (—S¡soyrsponsab]ede,loque;sema Gpe 8CG€ Sierosyobfeniendodi: lacusaoP0nsupu%toque sostengo ta nienodemaneralilí: (qumceanostmbajandocomoartls— EE %Q LCÍÍÚ©©W el [E] ©Ei",17
754.17,1896.0,179.0,56.5,48.5,"'ta_haceoncetengounaempresay ['33©©ng ©1© [FÍ|ÍQ, (Új_in3&á Fenol",17
878.2,1946.0,157.4,34.6,59.0,"¡n03]ustoqueme u a d tenidoeniel; ¡penal, lladmnawporquesoyunaempma— CCC—6CCÍO©;QC ÚULCÚUIÍ££CÚÍC.[ ©",17
2165.5,306.25,188.25,67.5,61.75,"P [”0J'W— S DLCWE”""",17
2128.33,599.48,162.24,35.24,55.33,"(>NPaolalRul2(deseaitenerluna S 'ta[al pareja jy i padre i de (Angel lEduar— (doWel¡z |Me(encantanaitener(una|mu¡erc¡ta,, mi'cocoterita”. (S|empreísonexconitener tuna n|na|porque¡soylhua T E infestados para fesperarimás, |Ia(edad¡y(elltlempo¡pasan. trápido, 'e|¡segundo(dos… 613",17
2190.0,941.33,136.67,41.67,58.17,gustaríatenerunaniña. y espera. encargarpronto:con” e e,17
2111.25,1153.0,252.75,106.25,37.25,p l juntitos eólica,17
2188.0,1600.5,156.08,39.58,67.17,C) Karen¡Dep sorprendlo'a zsusfsegu¡doresfall ¡goWal'(con (en susoredesísoaales.quetestaba (d|sfrutando(delun[dla(de]plscma hasta'el momento; $se1ha ©,17
2279.6,1921.6,84.0,37.4,48.8,"y e ”l semana.en'el sur,",17
313.0,583.43,58.43,24.86,83.86,con ¿Qué piensas tú Así le demues—,18
1197.5,158.5,90.0,23.5,91.33,MARTES 13 DE OCTUBRE DEL 2020,18
1052.25,556.94,57.62,25.44,80.94,"rl — Si notas que tu hijo no €$ desea conversar con— tigo, no debes molestarlo,",18
584.3,678.2,74.05,28.9,87.55,tras a tu hijo que te ya que provocará que se interesa su opinión. aleje más. LO GRITES NI GOLPEES,18
1287.67,1085.21,69.46,24.25,85.38,"Mientras haga (© su tarea evita expresiones como no vas a aprender nunca' o ”todo lo haces mal”, que son devastadoras para un pequeño.",18
568.25,1556.75,62.28,24.52,90.4,"n poco tiempo terminará el año escolar y muchos niños ya no quieren hacer sus tareas. Los padres los presio— nan, pero sin éxito, y para evitar 'más problemas' ellos mismos las están haciendo, situación que no es la más",18
511.85,1750.95,64.05,23.77,91.16,"”La clave está en motivar al chico en el estudio, no es una tarea tan sencilla, pero se puede lograr si usamos los métodos necesarios, nos comprometemos con este objetivo y tene— mos paciencia. Los gritos y los golpes no servirán de nada; al contrario, harán que se nieguen más a cumplir con sus deberes”, señaló el psicólogo y psicoterapeuta Wal—",18
436.6,1991.9,112.9,37.1,85.2,Ambiente el lugar donde hará sus deberes y motivado con,18
292.09,2488.06,62.75,23.88,83.06,INGREDIENTES +1 lata de leche condensada +1 lata de leche evaporado tazas de coco rallado +1 taza de azúcar blanca u e +1 taza de mermelada de albaricoque o la de tu,18
733.14,2275.71,49.29,27.57,69.29,on y r taza de manjar blanco,18
709.9,2498.03,69.59,24.59,87.76,"PREPARACIÓN Vierte en una olla las dos leches y agrega el coco ii de agua. Cocina a fuego bajo removiendo constan— temente. Cuando la mezcla haya tomado punto, retí—",18
1839.3,504.35,66.5,24.9,85.3,"a Aunque tú sigas C© viéndolo como tu 'bebé”, tu hijo ya es adolescente. Evita ser tan pegajosa, puedes incomodarlo.",18
1779.07,1713.05,61.84,24.56,87.55,"Decora el lugar donde hará su tarea, puede ser con sus per— sonares favoritos. Además, que esté iluminado y lejos de distracciones (tele— visión, radio, computadora). Céntrate y elegía lo que ha hecho bien y no critiques lo que hizo mal. Esto hará que empiece a ver el momen— to de la tarea como algo reconfortante. Puedes usar frases como: 'estoy muy contento de...' o 'me siento muy orgullo— sa de que.... Sino quiere hacer su tarea, dile que lo ayudarás, pero recálca— le que la harán juntos. Puedes usar el método de las interrogantes: 'esto qué significa”, 'qué fórmula se usa en este ejercicio' o 'cómo empe— vamos a pintar” La idea es que el niño responda y te ”enseñe' a hacerlo.",18
1086.08,2438.82,63.02,24.22,89.68,"rala del fuego. Deja enfriar y añade las yemas. Mez— cla bien. Mantequilla los moldes individuales, vierte la mezcla y lleva al hor— no durante 25 minutos, a 180oC. Desolada y cubre con una capa de mermela— da y otra de manjar blanco. Si deseas, decora con hojas de hierbabuena.",18
2225.0,950.57,71.14,25.0,75.14,Javier Herreros Kuipers Pediatra _ CM 18361,18
2256.81,1820.12,66.97,24.5,88.96,"é» La C9vid-19 está ocasionando otros problemas en los niños que es importante l ie El más obvio ha sido la interrupción de las cla— ses presenciales, y con ello el retraso académi— co y social, pues dejaron de interactuar con niños de su edad. Incluso, para muchos padres ha sido inmanejable seguir pagando un colegio par— ticular, dando lugar a la deserción escolar. El quedarse en casa más tiempo ha producido cambios en la dinámica familiar. Los chicos ahora necesitan más atención de los padres, quienes tienen otros asuntos que atender. Esto pro— voca una sobrecarga que, muchas veces, está conllevan al maltrato infantil. La falta de ingresos eco— cómicos en la familia ha ocasionado que los niños, al no ir al colegio, salgan a trabajar para contribuir a la canas— ta familiar. Además, también ha provocado una mala alimentación, poniendo en peligro los avances en la lucha con— tra la desnutrición y la anemía.",18
122.92,396.75,82.33,26.83,77.5,2 QUEZ... Esta facilidad €» no afectará la calificación crediticia del deudor.,19
1041.91,636.68,52.48,23.61,85.73,"X . a a a a ley de reprogramación M£K%é y congelamiento de deu— das servirá para aliviar la economía de las perso— nas que no pudieron cancelar las cuotas de sus créditos a tiempo, debido a la crisis eco— nómina por la A",19
1458.66,600.66,73.64,26.34,85.77,"continuación más detalles. REPROGRAMACIÓN Para acceder a este beneficio necesitas: >» Al 29 de febrero de 2020 debes presentar una cali— ficción de normal o con problemas potenciales en las centrales de riesgo en crédi— tos de consumo, personales, hipotecarios para vivienda y p ei el e%",19
1827.2,329.0,104.9,37.0,86.5,Es un salvavidas económico que ayudará a miles de familias,19
1867.08,617.81,57.25,24.46,90.63,">> Para los créditos per— senales y de consumo, la deuda no debe superar los S/ 10,000 al 31 de agosto de 2020. En el caso de los créditos vehículares, hasta los S/ 50,000. Para las deu— das de viviendas el monto origen de crédito debe ser hasta los S/ 250,000 (solo",19
2251.73,523.59,70.97,25.22,90.97,"para la primera y única CONGELAMIENTO Se puede congelar la deuda hasta 90 días y solo pueden acceder las personas que no hayan realizado ningún pago en los últimos tres meses, previos a la publicación de la ley. BENEFICIADOS No pueden acogerse a esta ley los que presentan documentos falsos o decla— raciones juradas inexactas, ni los funcionarios públicos.",19
203.5,153.25,55.75,40.25,78.25,2 — (AL DÍA),2
495.15,1288.63,68.75,24.47,89.39,"[M]is amigos periodistas, el fotógrafo Gary y el redactor gigantón 'Barney', llegaron al restaurante por un sa— brioso adobo de chanchito con arroz blanco bien graneadi— to y su jarrita de anís para la buena digestión. ”María, ¿te acuerdas del espeluznante cuádruple crimen de Ba— arranca hace un mes, donde mataron al abogado Jarro Saldaña, su madre, su hermano mayor y su sobrino de catorce años?”, me preguntó Gary. Si este crimen se hu— diera producido en Estados Unidos, hudiera horrorizado a los gringos, como la masacre en Kansas de la familia de granjeros Clutter, papá, mamá y sus dos hijos en 1959, que sirvió para que el escritor Truman Capote los investigara a fondo y publicara siete años después, la extraordinaria novela ”A sangre fría”, donde da detalles del crimen y re— vela las personalidades de los dos malnacidos que llega— ron a robar, asesinaron a la familia y solo se llevaron veín— te dólares. En Baarranca también el móvil del asesinato fue el robo. El abogado tedía su estudio en el segundo piso. Los asesinos pensaban que el profesional podía tener una fuerte cantidad de dinero en su estudio ¿Cómo lo sadían? Era un secreto a voces que Jarro Saldaña, que de día era un profesional serio y frecuentaba un culto cristiano, te— día una doble vida: mantedía relaciones peligrosas con una chiquilla de catorce años, cuyo enamorado de 19 estaba en el penal de Hacho por sicariato. La madre del sobrino asesinado contó a la policía que su hijo le dijo: mamá, mi tío mete chiquillas a su dormitorio'. La muchacha que salía con el abogado a los trece escapó de su casa y también le presentaba otras chicas y reci— día buenas propinas. Esa noche todos fueron asesinados por estrangulamiento con cuerdas de cordel de la propia casa, por lo que la policía dedujo que ellos llegaron a robar y algo se salió de control. La madre y el sobrino estaban brutalmente golpeados. Los detectives establecieron que torturaron al sobrino y a la madre para que el abogado revelara dónde escondía el dinero. Los hampones deci— dieron matar a todos para no dejar testigos. En tiempo récord, los ”tigres' de Homicidios capturaron a tres pre— juntos miembros de la banda que cometió el horrendo cuádruple crimen, integrantes de la sanguinaria banda: ”Los malditos de Chocoy': Jerry Quince (25), presunto estrangulador, experto en artes marciales, Kevin Chin— chay (20) y la la adolescente de 14 años, la que ”visitaba' siempre al abogado por las noches y les abrió la puerta la noche de la matanza. ”El doctor estaba jugan— do con fuego relacionándose con esas chiquillas que tedían como parejas hampones y asesinos. Lo triste es que murió también su madre, su hermano y el hijo adolescente de este, que no tedían culpa de nada””. Pucha, qué terrible historia. Ojalá estas hienas reciban cadena perpetua. Me voy, cuídense.",2
1197.5,158.5,90.17,23.5,91.83,MARTES 13 DE OCTUBRE DEL 2020,2
1117.0,826.0,87.4,44.0,68.0,no i Preocupada por playeros,2
1206.89,1033.71,58.11,24.8,89.11,"GO Veo con preocupación que mucha gente comienza a ir a las playas, pese a que las autoridades les piden que no lo hagan. Lle— van hasta a sus hijos pequeños y pocos usan mascarillas. Se viene la segunda ola de con— tagios, pero a nadie parece importarle. ¿Qué nos está pasando a los peruanos?",2
1439.0,1229.5,40.75,24.0,75.5,4 Vecino de Surco,2
1189.26,1362.84,62.42,25.61,89.03,"Las autoridades advierten que las playas pueden ser los nuevos focos de contagio, como al comienzo de la pandemia en nuestro país lo fueron los mercados. Hay que evitar las aglomeraciones.",2
1694.2,874.0,68.2,36.0,91.8,Tiene fe en la selección,2
1807.0,988.92,46.74,23.34,90.61,"Siempre he sido hincha de la selección y © l creo que se le debe apoyar en las bue nas y en las malas. El equipo de Areca nos llevó a un Mundial después de 36 años, así",2
1756.29,1073.14,71.57,20.86,87.57,. que debemos tenerles confianza. Brasil será,2
1788.85,1118.62,61.62,24.92,91.0,"complicado, pero no podemos perder la fe. Yo sí creo que podemos ganar.",2
1988.8,1222.8,70.6,29.6,89.2,Marlene Vasquez Vecina de Brea,2
1803.95,1375.63,54.03,25.82,83.84,"23 La selección tiene una durísima prueba ante E d E el todo en la cancha por un triunfo. Pero al margen del resultado, hay que recordar que estas Elimina— tortas recién empiezan y el camino es largo.",2
2261.0,333.95,61.0,32.4,82.7,"El PPC pasó de tener a Bedoyo y amargas Llosa como candi— datos, a pactar con César'No plagié, copié' Acuña.",2
2257.38,625.38,61.1,28.29,76.62,"©Elguerrillero12 DROOPY por Dios estos San— como alcalde de La Victoria, para el periodo 2079 — 2022? —Sí, juro” (o un|",2
2175.2,838.8,158.0,27.8,65.8,©&martinwriepl MARTIN RIEL ENCUESTA HOY,2
2265.67,968.67,59.0,26.33,80.67,¿Cree que el presidente Martín ea,2
2259.5,1113.5,69.25,28.0,90.33,AYER ¿Está de acuerdo con que se cierren las playas este verano?,2
2271.21,1690.11,81.57,23.71,69.93,pl e EMERGENCIAS ue 116 Emergencias 105 d ] ) Águilas Negras 3623277 Escuadrónverde _ 4276904 Luz del Sur 3 3178000 Indecopi PAA Enel Perú 2 ©ALO TOME,2
2241.0,1947.57,69.29,18.29,61.43,"3* PARA CONSULTA SOBRE LA PROMOCIÓN, ILAMENCSAL",2
1908.29,2110.34,54.83,26.44,71.31,"Director — Contenido Fase 311—6353 eso en la Planta Dando de Empresa ... Hecho el Depósito Legal en la Biblioteca Periodistico: . por empresa Editorial —— Páginaweb: Editora El Comercio SA. Jr. Paracas Nacional del Perú No2001—1992 a i ese u Los artículos firmados y/o de opinión a e e e son de exclusiva responsabilidad de ( e e n Publicidad: 708—9999, —. su reproducción total o parcial. — sus autores.",2
1197.5,158.67,90.17,23.33,91.83,MARTES 13 DE OCTUBRE DEL 2020,20
738.3,873.67,86.48,25.28,84.33,"durante un período delImpe— rio Romano se celebraban espectáculos violentos que, en plazas públicas y con pre— esencia mucha gente y lanoble— za, protagonizada gladiadores o lu— chadores. Estos juegos públicos enfrentaban hombres entre ellos [aunquetam— bién hubo algunas peleas entremu— jeres) o luchadores contra animales",20
1221.39,871.22,80.63,26.55,75.33,"fiadores recibíanlosnombres de: bestiaries luchaba colas fieras), retiarius armado de tridente y red), morillon y threx(llevaba armamen— to pesado, escudo redondo y espa— dón), luchaba a caballo llevaba un casco que le cubriatotal— mente la cara) (lleva— e ) El vencedor preguntaba alempe— radar o en su ausencia a las vesta—",20
2264.57,621.29,71.36,26.71,91.29,Lee bien la información que sale en esta página y responde las siguientes preguntas:,20
1801.25,797.38,88.5,30.5,76.12,Encuentra las 7 diferencias entre ambas ilustraciones. 1,20
2188.88,863.62,71.0,24.38,71.5,. Los gladiadores peleaban F We B. Leones:,20
2261.75,1048.0,54.75,21.5,79.75,_ >. Término que,20
1226.62,1302.09,80.37,28.22,71.33,"salvajes [leones, tigres, panteras, to— — leslvírgenes delanobleza) sobre la designa *a d [ 2 suerte del derrotado. El pulgarha— Los gladiadores eran atletas cia arriba significaba que sele — ,…qu1 LUCHABAN POR profesionales, esclavos perdonaba la vida(general— SUICIDAS EN EL o condenados a muer— mente si peleó con valor] A Asquiento. IMPERIO ROMANO te, que por sus vidas se yel pulgar hacia abajo % Áxsco. $% ENFRENTABAN A enfrentaban por, PAZ 0Erldenabargatarlo. isqueroso. rejas o por grupos de emperadorrecom— < PELEADORES en a pensaba alvence— O ANIMALES dor con platos de pla— E PLAZAS CON Porsu armamento e repletos monedas . — ./Aloros como PUBLICO indumentaria, los gla— de oro. simbolo de: 1 B. Riqueza. C. Pobreza. y , Tapa |.=' A ¡ bagre de: o( B. Agua dulce. C. Estanque.",20
379.5,2064.25,231.75,56.25,69.0,¿CÓMO SE ESCRIBE? ASIENTO,20
449.1,2394.74,64.75,24.26,87.28,"Derivado de asco (repulsión) tiene la misma raíz que la del viejo sinónimo asquerojo, a su vez del latín uso ”tirria”. En la lengua general, el adjetivo asque— rojo se refiere a las nociones contradictorias 'de lo que produce asco' y ”quien siente asco'. Tal vez —explica Martha Hildebrandt— a este doble sentido se deba la creación del americanismo asquiento, que solo designa ”a quien siente asco” Ejemplo: José es muy asquiento.",20
1453.45,2057.27,59.55,23.27,91.09,¿Por qué se muestran a los piratas con loros? Por dos,20
1260.47,2133.15,36.47,29.71,73.74,")v, _¡v', N | y W | )j | ) … — los loros son una EN ka_*¿k_ 1 especie muy popular en el © | |)3 || /,YK3 Caribe y los piratas pasaban'",20
1447.3,2291.19,66.7,23.7,89.07,"largas temporadas en el mar, por lo que solían encontrarse con.ellos. También, hace 200 o 300 años cuando los piratas estaban en su apogeo, estas aves eran",20
1543.5,2413.5,73.0,18.5,92.0,consideradas exóticas y —,20
1440.93,2469.43,65.79,25.86,88.43,"valiosas, por lo que no tardaron en robarlas y usarlas como símbolo de riqueza.",20
1877.25,1941.5,82.75,20.5,89.75,ILUSTRACIÓN: JHONNY ROJAS CANCHA,20
1968.04,2314.63,68.11,24.57,90.24,"Es un bagre de agua dulce, nativo del sur y sures— te de Asia. Se le conoce comúnmente como bagre helicóptero o bagre wallago. Se encuentra en grandes ríos y lagos. Puede alcan— zar un metro de largo. Como pez grande y depredador, mantiene una dieta principalmen— te piscivora, es decir, come peces pequeños.",20
1326.17,160.5,95.17,23.5,91.0,MARTES 13 DE OCTUBRE DEL 2020,23
1119.26,516.72,74.93,24.05,89.48,".. LEO (45).— Buenos días docto— *& ra Carmen, un amigo mío escribió hace tiempo a su columna y tuvo la suerte de conocer a una chica que aho— ra es su enamorada. No voy a mentirle, sentí algo de envidia porque ninguna dama se ha interesado en mí, hasta el momento. Es frustrante saber que no le gustas a nadie. Pero decidí dejar atrás las lamentaciones y enfocarme en abrir mi corazón. Si alguna cariñosa, trabaja— dora y sincera mujer desea mi amistad y, quién sabe, más adelante una rela— ción más formal, puede llamarme al 933—336—485.",23
1674.78,487.22,256.33,50.44,54.89,Doctora h ito=$ovíel¡zalsabevquem¡s tcñ%rálogranacqntrarasupa;e¡¡:3 ideal.&eeselob¡etwodegstee e¡%iu do.Btoyseguraquetamb¡_éns id caso.Esañrmezavconvxcaóncap,23
672.0,838.83,119.33,33.83,76.92,"CARTAS: Jr. Jorge Salazar Arroz 171, tercer piso, Lima13. _ MAlL: doctoracarmen01©trome.com",23
496.0,1022.29,49.36,24.0,86.64,”*La que está presente en Dios'. De origen latino. Es una mujer muy res—,23
455.14,1072.57,55.57,23.14,91.86,"ponsable, no se le escapan los detalles",23
464.6,1118.67,53.47,24.4,91.8,"cuando está a cargo de un proyecto. En el amor es alegre, risueña y romántica.",23
941.53,1059.18,65.24,30.71,65.88,"QUE—. d segurida_d [ por el ro Nits Bohtin, mientras trabajaba ui ea i fabricantes de 10",23
1602.6,901.4,98.4,32.6,86.4,&UN DÍA COMO HOY 1949,23
1633.67,1055.56,53.0,25.56,80.67,'Nace la actriz mexica— na Sylvia Pasquel. Es hija,23
1594.09,1124.55,59.73,26.73,70.18,de la reconocida Silvia Pinal y l et e sandra Guzmán.,23
1252.1,1261.2,124.1,48.5,77.7,— TABACO CON CECINA 0 CHORIZO (PLATO TÍPICO DE TARAPOTO],23
228.7,1917.4,23.87,30.94,66.87,"E T | | = ” ) | , y | S Ro F Co E E S V E Ro D F | S 0 G Co E E | = ” M_ Ro A B | C U S H y | EL TACACHO, g",23
413.73,1667.82,26.55,27.09,75.09,Z 0 < u 0 mn Z m C O >,23
412.17,2270.33,30.0,24.83,74.83,O > < O < mn,23
498.59,1857.06,23.65,28.0,83.12,u 0 m Z 0 n > 3 > > 3 m m n 0 m o,23
588.35,1857.06,23.65,28.0,78.47,— O I z m o 4 3 > m z m o m < o >,23
522.43,2556.86,73.43,22.0,73.0,<3CON MANTECA <3DE CHANCHO. <POR LO GENERAL,23
676.86,2016.0,26.79,27.29,78.86,0 > 0 > > P rF > 0 0 o n 4 0,23
757.94,1921.24,24.76,27.94,75.76,P 4 F r < on o r 0 o > > I m r Z n,23
1403.86,1955.39,28.9,28.47,78.01,"O S A G M Q D A C A Ro D F A E F C V A C Ro E G N V Z G A M E 0 0 N C T U F E F E E B M M E T S G P S D O S N P V R P E E 0 G E A Lo S A E D T E A Ro L L C 0 — N | O Ro U | o L G F P 0 A Ro Y N Q T 0 D A S A — M C R | F T G A D 0 E A P E E 0 Z E E 0 C C R D T A H D S N 0 s Z H E G A N A C E O D A E T N 0 F N A O Ro N E D M C R | R Ro O D AA F A E R A O | N F C V U V H S Ho C E T M C 0 V X V H E U N C o C F P E S D F U A O Y — E y E S A C G Q V C Y M E Z D S D E G F a ea DELGADOS DE ACOMPAÑADO AHUMADA; EMBUTIDO ra ii ea 1 ©>0 DE CHORIZO PREPARADO CON CARNE l 1 l <>REGIONAL, <CON LOS INTESTINOS — TMOLIDA.",23
2234.0,379.15,90.23,27.46,66.85,"e o Pt en e .I,ñ'reconciliadonesenelámbim familiar. Cambia para mejorar y seguir creciendo.",23
2256.5,527.0,99.7,30.1,76.8,".%""W.!R0:Alejadetilossen— *</ cimientos de culpa que aumentarán tus 3reocupacm",23
2275.84,749.31,67.16,25.0,83.72,". Controla tus f”<ansias de gastar, haz lo justo. Expresa tus palabras de manera adecuada. CÁNCER: Tu iniciativa te au¡dará a conseguir lo que tanto deseas, defiende tus ideas. Evita hablar demasiado,",23
2266.0,951.45,58.8,23.85,87.3,"a LEO: Ten cuidado con los excesos, pues puedes per— judica tu salud. Una buena noti— cite alegrará el día.",23
2241.75,1085.25,62.19,24.94,72.12,"u A d e . vida de los demás, así evita— rástenerproblemas. Teharánver un detalle interesante.",23
2252.36,1244.86,52.14,24.23,80.45,"_YR LIBRA: No será fácil con— / a todos, porque hay mucho recelo y envidia.Controla (e bl * , Busca el apoyo",23
2251.71,1369.64,47.57,23.14,77.29,— < de ese familiar y amplia tus métas. Con esa ayuda podrás e,23
2269.94,1521.18,48.41,23.06,89.0,—mista y mira las cosas desde otro punto de vista. Ten fe en que todo saldrá bien.,23
2267.89,1719.89,68.82,29.07,72.04,"en et Ar a tarde más atención al ser amado mostrarte detallista. ? ACUARIO: Evita discutir por 7 de dinero, verás que con esfuerzo saldrás adelante, Organizaste mejor.",23
2282.7,1914.8,70.7,35.8,70.2,Los amigos quete a ap%grán a el deseo y relajarte.,23
1694.86,200.43,59.71,36.71,66.71,)E OCTUBRE DEL 2020 y 1 a,24
900.5,1393.0,361.83,108.17,68.33,¡ |U©qu E'El. oR.LEI]Í©” CELEBRO SU,24
928.83,2505.0,68.83,31.0,65.33,d Ap t POR DOS ASESINATOS,24
1737.67,338.0,138.17,57.0,84.17,LAS ACUSACIONES | CONTRA EL JT,24
1940.09,1543.77,67.35,24.38,88.81,"ste Búho piensa que no hay casualidades en política, ni los computos del de la se vuelven santos de la noche a la mañana y se iluminaron para cantar como Juan Diego Flores ante el fiscal Germen Juá— rez. Y por otro lado, me parece ya una letanía los casos de presuntos actos iilícitos que salen a la luz e involucran al presidente Martín Pizarra, en los últimos meses de su mandato. El revuelo por la contratación irregular del 'gelatinoso' Swing es una fulgurita ante las acusaciones de empresarios corruptos que lo ja— lan a su rebaño con tal de librarse de la cárcel. Pero esta denuncia sí es gravísima, porque el aspirante a 'colaborador eficaz' (Numero 10—2018) de la Fiscalía no es una secretaria, un contador o un conserje, sino el mismísimo gerente general de la empresa ”socia” del corrupto 'Club de la Construcción”, 'Obrainsa”, Edgar Tejida Moscoso, quien asegura que en el 2014, en su oficina, le pagó en dos armadas un millón de soles de por su 'ayudadita' para la adjudicación de una obra de más de ochenta millones de soles, requerida por el Gobierno Regional de Moque— gua, cuyo presidente era don Martín. Tejida cantó más alto que Pavarotti, por— que estaba prófugo de la justicia y definitivamente el fiscal iba a pedir una fuerte pena para él en enero, cuando acaba la investigación y procede la acusacion. Los abogados del empresario prometieron al fiscal 'una bomba' en documentos que implicaban al mandatario, si al entregarse no lo mandaban a la cárcel. Anoche casi se cae de espaldas cuando el abogado del gerente, que fuera amigo y socio de Pizarra en el 2003, cuando el mo que guano era un mediano empresario cons— tructor, entregó facturas de pagos iilícitos, cheques, copias de correos, mensajes de texto que fundamentada su versión. La semana pasada se entregó y está en un cómodo arresto domiciliario. El jefe de Estado está en serios problemas. La fiscalía está cotejando fechas y aparentemente coinciden. ©APARECEN MÁS MUERTOS' DE VIZCARRA: El presidente se presentó en un programa dominical y parecía confiado, con cara de que 'el que nada debe, nada teme' y negó tajantemente todo lo manifestado por el 'colaborador eficaz”, evitan— do decir el nombre de su examigo, con el que un día —cuando no era autoridad— hicieron negocios ilícitos y hoy pone su cabeza en bandeja a la fiscalía. Sostuvo que él no tuvo nada que ver con esa licitación, porque estaba a cargo de la oficina de las Naciones Unidas para Proyectos (Unops) y no de la región, lo que es cierto. Pero en su contra juega el antecedente de que en muchas regiones, presidentes pillos le sacaron la vuelta al organismo internacional en el tema de licitaciones. También asegura que no estuvo en Lima en las fechas que, asegura Tejida, llegó a las oficinas s a nisi drina s de Obrainsa. Pero su problema es que las secretarias de la firma_ han declarado que sí estuvo y se reunió con el gerente general. Jura que no recibió ni un sol. Hasta allí llega su defensa. Solo faltaba que terminara sosteniendo: Bueno, pues, ¿hay un donde se me ve re— diciendo la plata como hacía Montesinos? Si no hay, entonces es su palabra contra la mía”. Sin embargo ese ”lo niego todo' ¿le servirá también para defen— darse del testimonio de otro empresario del 'Club de la Corrupción', perdón, ”Construcción”, desesperado por acogerse a la 'colaboración eficaz”, como José Castillo Dibós, de ICCGSA? Este habría ofrecido información sobre una presunta coima de cinco millones de soles al entonces gobernador regional a través del actual ministro de Vivienda, Carlos Estremadoyro, por la construcción del hospital de Moquegua. Obra que fue adjudicado en los últimos días del actual mandatario como autoridad regional. ©INVESTIGACIÓN Y NO CIRCO: Las |mputac¡ones que continúa recogiendo la Fiscalía contra el jefe de Estado son gravísimas, pero tienen que ser corrobora— das exhaustivamente, con total transparencia y personal capacitado. Para que esta investigación llegue hasta el fondo de la verdad, se necesita que no se haga circo en el Congreso ni se vuelva con la canaleta de la 'vacancia' para mandar al naufragio al país. Además, la indagación está en curso y no se necesitan las nefastas 'comisiones investigadoras del Congreso”. Seguramente el presidente se pondrá a disposición del fiscal Germen Juarez para defendarse y esclarecer su cri— tica situación. Decir que 'esto es una venganza de Odebrecht' no lo ayuda. Como ciudadano, este columnista siente profunda desazón al comprobar que cuatro presidentes 'al hilo' están salpicados de corrupción y Pizarra parece hacer mé— ritos para integrar ese nefasto club. No sé por qué esta situación me recuerda el dicho 'cuando el río suena.. Apago el televisor.",24
399.0,298.8,73.5,54.6,68.3,es i i e y lo matan de un tiro,4
282.89,415.33,51.11,27.89,86.11,"Cerca de las obras €$ del Metro de Lima,",4
256.86,694.29,59.82,23.9,90.22,"el joven Herman David Tapahuasco Rodríguez (21), que estaba en un mototaxi, fue asesina— do de un balazo, en La Testigos señalaron que la víctima huía, con otros sujetos, en el moto— taxi azul, por la avenida Nicolás Ayllón, tras robar un celular a un ingenie— ro de la obra. Dicha",4
661.36,627.52,61.85,24.77,87.43,"unidad fue perseguida a balazos por un miembro de seguridad, un proyectil perforó el forro del vehícu— lo y dio en el bajo vientre al muchacho, que murió en el lugar. Su cuerpo que— ra ”Mi hermano era moto— taxista. El era trabajador”, señaló entre lágrimas Karolina Tapahuas— co, hermana de la víctima, quien llegó al lugar. [M. Rocha— ] [+]",4
197.25,1467.0,158.25,51.0,89.5,Roban carro a mordiscos,4
204.54,1913.31,71.46,25.69,82.62,"a G» con arma de fuego, delincuen— tes despojaron de su automóvil recién",4
706.69,1709.31,57.15,24.94,83.4,"g ner Huacahuasi (19), en 01 % Ocurrió cuando la víctima hacía una 'carrera' a su amigo, entre la avenida Condorcanqui y calle Q. ”Mi amigo iba a encon— tirarse con una chica que conoció por Ins— tagram. Al llegar, aparecieron los ladrones. Me gol— pegaron en la cabeza (l 00 ea zos”, dijo. El carro es un Toyota Yaris, plateado, de placa BLB—344. []. Yucra] G",4
1544.0,192.94,112.39,36.44,85.72,MARTES 13 DE OCTUBRE DEL 2020 rodearon su casa y lo capturaron luego de que vemos se quejaron,4
1038.0,1803.38,129.54,29.42,65.23,"mólajaranaconpis— tolas balas.Ensu cumpleañosnúme— 023, quecelebrócon globose n su casa de Puen— tePiedra, RodolfoPío Policar— pio, fue inter venido porla Policía porserelpresun— toca be cilla de labanda'LosTi— gresdeViñas' y sospechoso de dos homicidios en lamodali— daddesicariato.",4
1415.1,1892.3,150.2,28.3,75.3,"Parque su fiesta que de enel recuerdo, no dudóentomar— seunselfieenseñandosuar— mamento. Eldomingo, alas6:30delatar—",4
1822.08,1010.42,80.92,36.42,87.17,Es sospechoso de asesinar a balazos a joven y a una niña,4
2257.38,421.76,79.9,24.81,76.48,"Elaborado penalista Ma— rioAmoretti señaló queso *Rodolfito' es rayado cul— hableme los dos asesina— tos, pueden darle hasta 35 años deprisión. .",4
2226.23,1254.69,129.94,28.96,67.7,"de, vecinos delaasociación 'LasViñas' avisaronalasauto— unidades queenlamanzanaF serealizabaunafiesta,loque estáprohibido porelEstadode Emergencia ante pandemia (e p ea Agentes delacomisaríade Puente Piedra, armando del comandanteJuanRosso, acu— dieron sorprendierona''Ro— dolfito'Losdemásinvitados acababanderetirarse. ”Estesujetoesconocido por susasaltos, robos, venderdro— gay estarimplicadoensica— cia policial, pero la casa estaba cercada. Ante ello, lanzó una pistolaGlock, concincocartu— chos” dijoelcoronelJorgeCas— tillo, encargado de la División PolicialNortel. DENUNCIA Eljefe policial preciso que 'Ro— desdee drogas, tenenciailegaldear— mas pandillaje. fue detenido porha— ce rdes manes en las protestas porel cobro del Enel2018, fue capturador robarenunlocalcomercial. *Rodolfito' seráinvestigado porlamuertedeunaniña de tresaños, cuya madre resul— tóheridaalserbaleadas cuan— doviajabanenmototaxi, en agostoúltimo. Tambiénporla muerte a balazo s de Yordan Deza(23), a crib ill ado un mes",4
239.21,1831.14,95.14,32.14,90.64,"Cerrarán accesos a esta Verde en la reunión de burgo— maestres con el Gobierno,",5
279.33,1988.83,48.33,23.83,91.83,"que las vías de acceso a las playas de la Costa Verde,",5
627.75,1945.6,63.55,23.8,91.25,"para personas y vehícu— los, sean cerradas los sábados y domingos del verano, que arran— ca el 22 de diciembre.",5
416.2,2092.2,111.0,21.8,88.4,UNOS 12 MILLONES DE ACORTANTES,5
358.33,2164.67,175.67,56.33,89.67,Arranca debate de reforma de pensiones,5
683.08,2425.88,56.29,24.88,90.54,"Hoy se iniciará el debate en el Congreso sobre la reforma integral de pensio— nes en el país y se definirá a la nueva entidad que gestio— nará, bajo un nuevo sistema de pensiones, más de 7 millones de cuentas indivi— duales que tienen las AFP, a los 4,7 millones de apor—",5
1326.17,160.5,95.17,23.5,90.5,MARTES 13 DE OCTUBRE DEL 2020,5
1038.12,415.12,84.62,37.38,90.81,se amanecen en la calle pese al pedido de que no lo hagan para evitar contagios,5
1036.84,974.25,76.4,26.1,83.25,"esta que el dinero del segundo bono de 760 soles, queentre— ga el Gobiernoalas familias más vulnerables, se deposita a las cuentas ban— cartas delos beneficiarios, ayer devolvió aregistrarlar— gas colas en distintas enti— dades financieras de Li— 113 Tal como sucedió el último sábado, agencia melanco de la Nación, ubicada en el Ovalo de Puente Piedra, y enel local del BBA de Comas, seobservó, desde las 4 dela mañana, numerosas perso— nas que buscaban ingresarparate— desinformación del subsidio. Las colas, enal—",5
1108.98,1779.59,64.57,24.0,86.68,"Estas y otras medi— das serían ratificada por el Ejecultivo mañana. Muro indicó que buscan evitar que los balnearios se l d s de contagio del coronavirus. ”Queremos que la gente no baje masi— vamente, hay un consenso con el Eje— cultivo y creemos",5
1062.41,2335.94,57.55,24.57,89.33,"antes de la ON y buscará que otros 5 millones de peruanos cotice para su jubilación. En tanto, la Asociación de AFP informó que el Esta— do debe 12 mil 912 millones de soles a sus trabajadores por concepto de AFP, lo que pone en riesgo que 447 mil 974 afiliados cuenten con una pensión adecuada o se queden sin ella cuando Lleguen a la edad de jubila— ción.",5
1467.09,742.2,81.98,27.55,80.36,"unos casos, teníanvarias cuadras. Como se sabe, el Gobierno implementó ladea depa— gael bono directamente las cuentas demás de 4 mi— llores persolas para evi— parque se a glome ren en los bancos no se contagien de coronavirus. PROBLEMAS ”Quiero cobrarle bono, des— delas 5 dela mañanamandé amasijo para quedaba ha— siendo la cola, yo tengo una cuenta pero en otro banco debora ventanilla porque no tengo cuenta enel Conti— nental”, indicó César Hidrogo, un benefi— diario del subsidio. Uno de los proble— mas muchas per— solas es que no tie negativas sus cuentasbancariasy, porende, debeniraven— tanilla. ”Llaméy dijeron que el bono me lo han deposi—",5
1869.5,583.0,74.17,31.17,78.5,s ;' Los depósitos en cuentas,5
1862.67,653.33,64.0,25.22,79.78,bancarias se realizan según — último dígito del Nt,5
1810.5,749.79,51.0,23.57,87.57,. Martes 13 de octubre _ Jueves 15 de octubre Lunes 19 de octubre,5
1822.2,838.0,55.0,28.0,84.4,l Miércoles 21 de octubre,5
1796.7,944.0,49.6,24.6,86.4,/ Martes 27 de octubre — Jueves 29 de octubre,5
1975.0,917.92,27.58,28.25,71.83,1 PA 3 P octubre (3 Y Lunes 2 de e 9,5
1806.8,1049.0,60.4,30.0,80.0,: Mjérpolos 4 de noviembre,5
1862.22,1170.67,74.78,44.22,85.67,si le el los 760 soles y cómo recibirlos,5
2270.41,933.89,73.41,25.39,82.58,"tado enceste banco. Yo nun— ca tuve tarjeta acá, tengo una en el BCP yotras en el Banco dela Nación. Metan dicho que tengo que venir a abrir una cuenta para que me entregue n la tarjeta y me puedan abonar”, comentó CeciliaPonce. El Ejecutivo estableció un cronograma de abono direc— lamente según el número en el determina el DNI. Desde hoy empezarán a abonar los beneficiarios cuyo último dígito en documento de identidad es 1. immy Her—",5
1884.31,1339.0,54.81,24.0,91.38,"Para saber si su hogar ha sido beneficiado con el bono, además de las fechas y",5
1818.08,1405.85,69.77,23.38,82.85,"Llame a la Línea 1811, que puede atender unas 1300 llamadas en simultáneo.",5
1649.0,1439.0,79.0,25.25,76.38,© También puede ingresar a la web www.bfu.gob.pe,5
1480.57,1665.59,54.68,23.64,91.14,"que las vías cercanas a las playas deben ser restringi— das sábados y domingos”, expresó. Otra medida que se aplicaría es que el 25 y 31 de diciembre del 2020, así como el 1 de enero del 2021, no habrá acceso a las pla—",5
1425.75,1807.25,82.5,26.25,87.5,"yas de Miraflores, Chorrillos,",5
1449.89,1907.68,74.21,25.47,90.0,"San Isidro, Barranco, Mag— alena y San Miguel. Además, los visitantes deberán usar sus propias toallas, sombrillas y sillas.",5
1387.0,2213.6,170.8,56.8,83.6,Academias de natación abrieron E,5
1890.09,2324.7,64.45,25.08,87.55,"G» Con protocolos _d¡_e p¡c> seguridad se reiniciaron las labores de las acade— mías de natación. ”Esta reapertura no solo benefi— criará a los deportistas de alto rendimiento, sino a los adultos mayores y personas con terapias que tos. La natación es uno de los pocos depor— tes que permite práctica segura y",5
2258.81,2366.29,71.18,24.48,86.11,"sin peligro de contagio”, dijo Ricardo Caillaux, presiden— te de la Asociación Peruana de Academias de Natación Entre los protocolos: aforo al 50% máximo, con— generación de cloro que evita virus, toma de tem— peritura previo al ingreso, desinfección de manos, calentamiento con masca— silla y zona señalizado para distanciamiento. El uso de los vestuarios no está per— mitido. (I. Medina) [+]",5
855.44,158.33,100.44,27.44,81.89,6 — (ACTUALIDAD) MARTES 13 DE OCTUBRE DEL 2020,6
1793.8,284.4,85.6,23.8,74.2,pe $/500 el pia 12/10/20,6
1711.86,345.29,80.71,16.29,68.14,NOMBRE: MARIA VASQUEZ DISTRITO: CALLAO e a,6
1189.54,779.07,122.0,33.61,75.01,"SUPER LLAMADA! n lunes a sábado damos Regalamosiplatita ea salen 5 mil en efectivo 2 mingossa— — lunesadomingo,al710—0260 ©s ©s [] as © á] [m© leer premio ingresando nuestrapágina mayores web El horario para hacerlo es de anarplatitaenefec— Llamada Ganadora, la pro— des ser el próximo afortu— Participarás 6 delamañanaa4 delatar— tivonuncafuetanfá— — mociónregalonaquerepar— — nado!! bastantesenci— — de.Lossorteossonadiarioy icomo conTrome, te pla tita en efectivo — Delunesasábadotepue— llo. Solo tienes — se realizan a las 5delatarde, eldiariomásleídodel — díasdelaño. desplegar 500 soles, que in s crib irte — siempre ante la presencia de país detiene paratitla Súper — ¡¡Contantospremiostúpue— — mientrasquelosdo— llamando, de un notario público.",6
268.78,1210.44,66.72,28.22,78.0,"e i G$ pasan por 'Emprende Trome' Ayer, Cinta Aña— ños, gerente general de Industria San Miguel, pro—",6
1117.0,1050.5,127.67,53.83,88.83,la hizo linda con Cinta Años,6
1056.9,1210.6,72.95,24.9,90.6,"bueno para emprender. Siempre hay que pensar en grande, si tienes metas ambiciosas, entonces vas por buen camino. Si pien—",6
649.44,1197.33,72.94,24.67,85.56,"doctora de 'Kola Real”, conversó con la periodista Kitty Fines y dio interesan— tes consejos. ”Cualquier momento es",6
1474.11,1206.67,55.96,23.56,91.7,"sas en chiquito, no harás un gran cambio. Hay que ver la necesidad que existe y quién es el comprador, por— que si no hay comprador no",6
432.75,1352.0,111.75,23.5,89.75,JUEVES CHAPA TU SUPONER,6
856.48,1607.54,70.27,26.44,85.1,". m Luego, recor— Descuentos gracias e l = anda derechito a a Tome y tiendas Metro la tienda Metro más cercana G» Con el ”diario papá' orar 70% a tu casa para siempre obtienes las — en la compra de que disfrutes mejores promociones, productos para el de estos gran— como los 'Descuentos hogar!! tus cupones de des beneficios. Recuerda de Tome y Metro', exclu— Si deseas aliviar tu descuentos en el que con los cupones que sido para nuestros fieles bolsillo, solo tie— periódico este jue— — recortes podrás ahoorar lectores que podrán aho— — nes que buscar ves 15 de octubre. mínimo el 30%.",6
1847.57,1252.57,87.29,28.0,82.57,"hay demanda”, dijo Cintya. Recuerda que 'Emprende",6
1793.75,1546.75,61.75,33.25,81.25,Todas las GD familias,6
1801.12,1702.29,58.29,23.71,90.82,"se divierten y aprenden con el que, como si fue— ra poco, premia con los mejores regalos.",6
2235.92,728.95,108.81,27.49,84.24,"Todos estos años, muchos ganadores pusieronunne— gocio, pagarondeudas, me— jo raro n su casa o hicieron muchas otras cosas consus premios. ¡Qué esperas, también puedes ser un afortunado rellene susbolsillos! NUEVA SUERTUDA Nuestralectora María Vás— que (1160076, del Callao) ganó los 500 soles del sorteo deayerlunes.",6
2252.92,1154.89,62.58,23.95,87.21,"Trome' va todos los lunes desde las 11 de la mañana, vía Facebook Live. Tie— ne interesantes secciones, como el 'ABC Emprendedor” o el 'Yo Te Apoyo Empren— dedor”, para dar una mano a los pequeños negocios. G",6
2282.7,1549.97,70.14,24.35,86.32,"Este martes 27 de octubre se cortarán dos modernas tablets. Solo tienes que resol— ver tus 'crucis”, anotar tus datos personales y depositarlos en las ánforas autorizadas. Mientras más juegos llenes, más chances de ganar. _ G",6
511.5,211.67,130.22,43.22,84.5,"A CUSCO EN MARZO PARA VISITAR CIUDADELA [INCA, PERO COMENZO LA CUARENTENA Y RECIEN PUDO CUMPLIR SU SUENO",7
304.67,931.33,305.33,88.67,66.83,7 MESES PARA CONOCER MACHO FICHU,7
1436.75,160.25,44.25,12.25,83.75,— — nFI. 2020,7
1179.33,1151.83,87.33,27.83,88.17,".-EI ministro de Cultura, Alejandro Neyra,",7
541.91,1272.48,130.04,28.43,70.74,"pulir su sueño de conocer vo que esperar Macho Picchu.Llegóen Iciudadanoja— — marzoaCusco,sinima— fecha exacta. ponésJesse Ka.— giauque la pandemia tayama(26) para cum— — estropearíasusplanes.",7
1234.86,1205.57,70.0,22.57,90.93,"anunció que Macho Pinche volverá a recibir turistas en noviembre, aunque no dio una",7
1256.27,1321.55,73.0,24.64,88.09,"»El santuario histórico tendrá un aforo de 675 personas al día, repartidos en grupos de ocho personas, siempre acompañados de un guía.",7
1855.49,635.37,100.76,26.83,80.87,"”Quería conocer Macho Picchu, peroundíaantes pequeño hiciera el san— turio cerró por la cua— rentena. Mequedécon el único fin de admirar esta maravilla. Noibn a irme sin hacerlo”, dijo el joven. Takayamaconsiguió un permiso especial gracias ala gestión realizada en— trela Dirección Regional comercio Exterior y Turismodel Cusco (Dir— cetur), el Ministerio de Cultura y la Municipali— dad de Macho Picchu. Así, cumpliendo los pro— tocolos, recorrióemocio— nado los pasadizosincai— cos, edificaciones de pie— dra y retomó fotos con losguardaparques.",7
2256.04,751.19,101.98,25.79,80.68,"HOSPITALIDAD ”Sabemos que Jes— hi— zo amigos en el pue— blo y porfin pudocum— pulir su sueño reconocer MachoPicchu”, declaró Darwin Baca, alcalde de Reconoció que, en estos meses, Katayama, quien es conocido como úl— timo turista de Macho Picchu”, vivien Aguas Calientes ala espera de visitar la ciudadela. Disfrutódelacomida peruana yquedóencan— tacon la hospitalidad delos cusqueños. Con su ingreso al san— turio inca, convirtió en el primer turista extranjero en ha— cerlo. El aún per— maneceráen el pueblo Ma— chuPicchu, cuestione previsto visi— tar otras zonas arqueológicas delCusco.",7
239.0,172.0,113.5,34.25,55.75,8 _ (ACTUALIDAD) Reo,8
477.88,1564.5,170.38,49.75,74.75,Z?RAIDA_Á¡VALOS Investigación al l presidente ”marca un hito”,8
1197.5,158.5,90.17,23.5,91.5,MARTES 13 DE OCTUBRE DEL 2020,8
1976.5,472.52,64.58,28.18,78.53,F. 3 'll' H] Ú HI. ' El Congre— Forzar la figura — Estamos ante un so debe actuar una orga— de la vacan— — delito no cabe con mucha nación cia es hacer un posibilidad de responsabilidad”. violentista”. s p e [ | ld Omar Viola Cate— Alonso de (ex presi— piano Belaunde [consti— dente del (constitu— tuciona— mier) cionalista) lista),8
1919.75,735.0,158.0,38.0,90.5,a parlamentarios ser responsables,8
1492.47,1103.27,108.21,25.16,78.34,"na nueva polémica desatóalinte— rior del Congreso de la República el anuncio del partido Unión porel Perú (UP)desolicitar una segun— da vagancia contra el presidente Martín Pizarra por 'incapacidad moral perma.— nente” Desde ayer, UP empezó conversaron las diversas zancadas para concretar la destitución del jefe Estado, informó Roberto Chavarría, congresista de esa agrupación. ”Estamosen conversaciones con nosotras zancadas. Aún no tenemos una respuesta definida, pero pedimos alos colegas con— resistas que sean consecuente s con el te— made la lucha anticorrupción”, dijo. Estenuevo pedido de vaganciasedatras revelarse que Pizarra habría recibido un",8
2122.19,1091.67,92.84,25.95,83.09,"presunto pagoilícito de un millón de soles cambio de una obra, cuando era gober— nador de Moquegua. DIVIDIDOS Hasta ahora, las zancadas tienen posicio— nes divididas y los próximos días serán decisivos. Trascendió que Fuerza Popu— lar, Podemos Perú, Acción Popular y So— mos Pero están evaluando”. En tanto, Frente Amplio, Partido Mora— do y Alianza para el Progreso no apoya— rían la vagancia. El Frepapaún no sepro— nunció. El analista Fernando Tuestaconsideró queest nueva solicitud de vagancia no es amenaza para Vizcarra” ”Personalmente,creo que no va a proce— der porque los partidos están en unaca— riera electoral”, señaló.(Jordan Arce)",8
268.67,2303.95,66.52,25.32,89.22,"Q> La fiscal de la Nación, Zoraida Ávalos, des— sacó la importancia de la investigación en contra del jefe de Estado, Martín Vizcarra, en la historia del Ministerio Público. ”Esto marca un hito, efectivamente, porque siempre la posición jurí— dice (de la Fiscalía) había sido que al presidente no se le investiga mien— tras tiene mandato”, Explicó que con anterio—",8
687.21,2185.21,66.02,24.06,84.32,"res presidentes e (e e e ee Toledo, Ollan— ta Humana o Alan García, la decisión de sus antecesores fue g ”Este caso (de d una particu— laridad, que ya hay una investigación de un mes”, señaló. . NIEGACERCANÍA Además, Átalos desmintió que exista algún acer— caliento entre ella y el mandatario. ”¿Cercanía?, ninguna, es un afán de desacreditar. ¿Qué prue— ba hay de que tengo una cercanía con el presiden— te? ¿Alguna vez me vieron tomando un café, con— versado con él? Jamás”, sentenció. (. Arce)",8
1399.5,1542.0,153.83,56.33,89.83,Todos los escolares pasarán de año,8
1049.71,1792.32,66.16,24.58,88.37,© E ee canción informó que todos los estudiantes que han cursado el año escolar de manera remota pasarán de grado y podrán matricu— darse en el grado siguiente Tanto este como el próxi— mo año serán considerados,8
1243.55,2014.91,72.64,23.73,90.95,"como complementarios, dades de consolidar sus para dar a los estudiantes aprendizajes. más tiempo y oportuni— Preciso que en el caso de",8
1171.18,2226.18,65.45,31.45,53.82,"N'-¡í'—""1<*1|í —<3-» T ¿íf][¡£“' 1 '*""| karil (oxd'lur,— ee ('afliew(clr",8
1067.5,2308.0,50.5,32.5,61.5,©|Pmr…1 ell 211 ete,8
1233.75,2509.5,24.88,24.25,61.25,£ 3 |.ota)r |'iai íiZslr(a' y el ——,8
1871.08,1831.89,69.6,24.57,85.62,"los de quinto de secunda— ria de Educación Básica Regular y cuarto ciclo avan— lado de Educación Básica Alternativa, las califica— clones tendrán fines de promoción. Y si no logra— EE 5] d 5 necesarias, pasarán a un proceso de subsanación o recuperación. Solo de ser necesario rendirán evalua— clones adicionales. [IMM) 0",8
1853.43,2176.57,72.57,24.86,34.0,f ea iii mns cai no ee d ea,8
1932.33,2432.33,34.33,22.67,35.17,E i i s ss os,8
2196.5,1588.75,173.5,51.75,90.0,VISUALIZACIÓN salida de Alarcon,8
2231.4,2118.45,66.56,24.99,86.74,"© No quieren más al investigado parlamen— tarro Edgar Alarcon (Unión por el Perú) como presi— dente de la Comisión de Visualización del Congreso. ”Es inaceptable. Un acusa— do por la Fiscalía no puede seguir presidiendo una comisión tan importante”, dijo la legislador Rocío Sil— Agregó que su banca— da solicitará su salida. 3 cisco Sacaste (Partido Mora— do) exhortó a Alarcon que ”renuncie por dignidad. ”Extendemos un pedido a su bancada para que nombre a otro en el cargo”, E —",8
569.5,705.0,151.5,31.0,41.75,¡I?J»GFLIJM[“J[(> J…JJJL'“J*JLJD)JU…JDBE?. ea Rra,9
1345.83,160.5,75.5,23.5,90.67,ES 13 DE OCTUBRE DEL 2020,9
1719.92,292.17,96.33,41.67,84.58,carta al Jurado Nacional de Elecciones y Jorge Muro lo critica por,9
1591.5,371.0,101.75,33.0,85.25,tirados a sus electores',9
1513.28,491.5,75.56,26.28,85.72,Mucha gente suele apo— yar a la figura nueva y fresca y Forsyth tiene a FERNANDO TUESTA (POLITÓLOGO]),9
1497.15,707.08,62.92,22.46,90.54,Forsyth ha demostra— do ser un alcalde que no teme a las mafias”.,9
800.35,1247.28,98.6,38.49,75.83,"N ( … , W w IV Z/ AX MARle| TANAKI; ANALISTA |X Q D _W I_| _ Partidos ”vientres de / AX W 1 X D D) H W w K(j V X alquiler evidencian ,» > 1 debilidad y falta de fA | | reformas”. POR: JIMMY HERNÁNDEZ GIOVANNA PICAFLOR uegodeunañoynue— — ”Presentomirenun.— goelpropósitodeparti— (AANALISTA) vemesescomoal— cia como alcalde de ci par como candidato en caldedeLa Victoria, LaVictoria,cargo selecciones Generales Elecciones serán una GeorgeForsythre— quevengoejercien— 2021” diceeldocumento. guerra de imágenes con nuncióayeradichocargo dodesdeel1deene— Indicóenlamisivaquere— mensajes huecos”. conunacartaalJuradoNa— — rode2019,por nunciarfue'suma— CARLOS SOMBRÍO cionaldeElecciones. cuantoten— mentedifícilporel EL MINISTERIO DE SALUD ie o Fa H ie Más de 2 millones de serían 51! mil naiad da ol r conaliados en segunda ola traían 743 fallecimientos. (D El Ministerio de Salud aliados y 2,252 DEPENDE [Mina) estimó que en — decesos. DE TODOS el peor escenario de una El Mina detalló El médico segunda ola de coronavi— que los hospitaliza— infectólogo rus, se podría llegar a más dos serían 306 mil y cama en UCI. Leslie Soto, opinó para",9
412.4,1707.2,55.0,22.8,89.2,de 2 millones 435 mil con— 14 mil necesitarían una,9
466.18,2080.31,74.75,24.98,89.6,"LA CAMPANA PARA LAS ELECCIONES GENERALES de abril próximo empieza a ”calentar Ya se van conociendo los nombres de los probables candidatos a la presidencia de la República. Pero más de un peruano se ha quedado sorprendido con el regreso a la política, con bombos y platillos, de Kelso Fujimori, la eterna candidata presidencial de Fuerza Popular. ”Asumo el compromiso de seguir adelante con el apoyo de mi padre, Alberto Fujimori, con quien he podido reencontrarme”, dijo el viernes. Semanas antes, anunció su retorno ”al 100% activo! a su partido y arremetió contra el populism. ”El populism miente sin escrúpulos. Se rasga las vestiduras en nombre del pueblo mientras lo perjudica sin ningún remordimiento”, aseveró. Lo dijo sin ningún rubor, a sabiendas que el gobierno de su padre fue uno de los más populista que ha tenido el",9
447.06,2493.33,78.96,24.21,89.83,"país. Keiko ha vuelto con su discurso engañoso que utilizó en la prestigiosa Universidad de Harvard, en setiembre del 2015, cuando inició su campaña electoral. Allí lanzó comentarios en contra del gobierno de su propio padre, sorprendiendo hasta a sus enemigos políticos, con el único objetivo de ganar",9
1267.5,1707.1,58.7,24.7,91.6,En el escenario más opti— Trome: ”Las cifras que pro—,9
1215.27,2317.8,72.18,24.7,84.85,"( a l e Muchos se han olvidado de lo que dijo, por eso es bueno recordarlo. ”En el gobierno de mi padre se cometieron errores, aprendimos de ellos y no permitiré que ea ee e d a s e siniestro asesor Vladimir Montesinos, comentó que ”fue un error de Alberto Fujimori”. Respecto de las este ri liza cion es forzadas que se realizaron masivamente, señaló: ”Yo condeno a los médicos y me solidarizo con todas las mujeres que sufrieron este ri liza cion es forzadas”. Todos escuchaban atónitos. ”El trabajo de la Comisión de la Verdad y Reconciliación ha sido positivo para el país”, se despachó, cuando ella misma y su entorno decían lo contrario. Y por último, contradiciendo al sector conservador y",9
1805.3,600.85,181.05,30.35,72.75,"lazoemocional' quellung conLa de s sociales cuestion aron que haya a notado que vive en Magdalenadel Mar. Según la última encues— tadeDatum, Forsythlide— ralaintencióndevotopre— side nci al con 20%, seguido deKeikoFujimoricon5%. CRÍTICAS",9
1769.79,1031.68,228.26,31.47,73.74,"ElalcaldedeLima,Jorge Muñoz,criticólarenuncia deForsyth.”Esincoheren— te que dejes alose lectores tiradosenelcamino,por que fuiste elegido porcua— troaños.Nofuisteelegido paraestardos,tresouno, sinoparaqueestéscuatro sostuvo. En Twittery Facebook formarondosbandos:los que respaldabanaForsth ysuscríticos.",9
1853.79,1496.49,71.67,24.54,88.59,"recta el Ministerio de Salud el dependerá de la ciudada— nía, si siguen cumpliendo con usar las mascarillas, el distanciamiento social, evi— tar las reuniones sociales y lavarse las manos cons— tantemente. No tendríamos que sufrir una segunda ola",9
1891.83,1680.0,57.5,22.67,89.83,tal como sucede en Europa”. o,9
2243.25,525.0,114.25,23.0,82.75,DIETHENE COLUMBUS EL CONGRESO,9
2227.43,655.71,128.71,52.29,90.43,Piden votar otra vez ley de maestros,9
2267.25,1223.75,62.72,24.83,86.94,"© Fuerza Popular soli— citó ayer que se vuelva a votar la ley que reincorpora a 14 mil pro— mejores casados en 2014. ”Hemos presentado una reconsideración para que se vuelva a votar la ley que va en contra de la reforma educativa, el principio de meritocracia y el avance de la reforma magisterial”, dijo el con— resista naranja Diethene Columbus. Según dicha norma, los docentes que desapro— baron o no rindieron la evaluación excepcional del Ministerio de Edu— canción iban a regresar a o es d oe T La polémica ley fue apro— bada la noche del último jueves, cuando todos veían el partido Perú— a t|",9
2150.78,1806.44,74.22,24.89,86.78,"recalcitrante del fujimorismo, anunció: Estoy a favor de la",9
1987.5,1903.25,74.5,22.96,87.96,"Eso no fue todo. Para hacer más creíble su nuevo discurso, cuando armó su lista de congresistas se deshizo de los más cercanos colaboradores",9
1813.86,1984.0,68.43,25.43,81.57,"de su padre, la 'vieja Chávez, Cuculiza,",9
2171.25,1995.75,88.0,25.5,87.38,"guardia' fujimorista, como uinaga, Gozada y otros más.",9
2081.87,2125.13,74.26,25.15,91.33,"Y los reemplazó por los Becerril, Bartra, Chacón, Beteta, lo peor de lo peor que tuvo el Congreso anterior, que terminó disuelto constitucionalmente. ”Puedo asegurar que con ustedes, con mi padre Alberto Fujimori y el gran equipo de Fuerza",9
2101.21,2253.64,70.71,24.07,89.0,"Popular, vamos a enfrentar con éxito el gran reto (electoral)”, dice ahora Keiko Fujimori.",9
2021.61,2436.12,69.82,24.57,89.73,"”Keiko utiliza el nombre de su padre sin ningún escrúpulo. Ella es la responsable de que esté nuevamente en la cárcel”, me dice un amigo analista. En efecto, Keiko demolió al expresidente Pedro Pablo Kluczynski apenas indultó a su padre. No paró hasta obligarlo a renunciar. Y lo mismo hizo con su hermano Kenji, el principal gestor de ese indulto. No todos somos ”caídos del palto”, muchos tenemos memoria. Nos vemos el otro martes.",9
2043.5,2627.57,54.5,33.5,85.79,Los artículos firmados y/ o de opinión son de exclusiva responsabilidad de sus autores.,9
